John;Smith;25;john.smith@example.com
Emily;Johnson;32;emily.johnson@e@xample.com
Michael;Williams;41;michael.williams@example.com
Emma;Brown;29;emma.brown@example.com
Daniel;Jones;35;daniel.jones@example.com
Olivia;Miller;28;olivia.miller@example.com
Matthew;Davis;39;matthew.davis@example.com
Ava;Garcia;31;ava.garcia@example.com
David;Rodriguez;27;david.rodriguez@example.com
Sophia;Martinez;36;sophia.martinez@example.com
Liam;Lopez;24;liam.lopez@example.com
Isabella;Hernandez;33;isabella.hernandez@example.com
Jacob;Gonzalez;30;jacob.gonzalez@example.com
Mia;Wilson;38;mia.wilson@example.com
Ethan;Anderson;26;ethan.anderson@example.com
Abigail;Thomas;37;abigail.thomas@example.com
James;Taylor;23;james.taylor@example.com
Charlotte;Lee;40;charlotte.lee@example.com
Benjamin;Clark;34;benjamin.clark@example.com
Harper;Lewis;22;harper.lewis@example.com
Alexander;Walker;43;alexander.walker@example.com
Amelia;Hall;29;amelia.hall@example.com
Henry;Allen;46;henry.allen@example.com
Sofia;Young;31;sofia.young@example.com
Sebastian;King;39;sebastian.king@example.com
Avery;Wright;27;avery.wright@example.com
Matthew;Lopez;44;matthew.lopez@example.com
Scarlett;Hernandez;32;scarlett.hernandez@example.com
Daniel;Gonzalez;25;daniel.gonzalez@example.com
Grace;Moore;33;grace.moore@example.com
Jackson;Clark;30;jackson.clark@example.com
Chloe;Anderson;28;chloe.anderson@example.com
Ryan;Lewis;37;ryan.lewis@example.com
Natalie;Walker;26;natalie.walker@example.com
Christian;White;31;christian.white@example.com
Lily;Johnson;35;lily.johnson@example.com
Andrew;Brown;29;andrew.brown@example.com
Landon;Williams;24;landon.williams@example.com
Sophie;Jones;30;sophie.jones@example.com
Carter;Smith;36;carter.smith@example.com
Evelyn;Davis;28;evelyn.davis@example.com
Owen;Miller;43;owen.miller@example.com
Avery;Taylor;25;avery.taylor@example.com
Madison;Hall;32;madison.hall@example.com
Grayson;Garcia;29;grayson.garcia@example.com
Victoria;Rodriguez;26;victoria.rodriguez@example.com
Gabriel;Martinez;34;gabriel.martinez@example.com
Julian;Lopez;23;julian.lopez@example.com
Penelope;Hernandez;31;penelope.hernandez@example.com
Henry;Gonzalez;27;henry.gonzalez@example.com
Stella;Wilson;39;stella.wilson@example.com
Elijah;Anderson;22;elijah.anderson@example.com
Layla;Thomas;33;layla.thomas@example.com
Nathan;Lee;38;nathan.lee@example.com
Lucy;Clark;24;lucy.clark@example.com
Eli;Lewis;37;eli.lewis@example.com
Elizabeth;Walker;30;elizabeth.walker@example.com
Zoe;Young;26;zoe.young@example.com
Samuel;King;35;samuel.king@example.com
Adeline;Wright;29;adeline.wright@example.com
Invalid;Record;20;invalid.record@example.com
John;Doe;35;invalid_email
Jane;Smith;abc;jane.smith@example.com
Christopher;Lopez;44;christopher.lopez@example.com
Aurora;Hernandez;32;aurora.hernandez@example.com
Connor;Gonzalez;25;connor.gonzalez@example.com
Lillian;Moore;31;lillian.moore@example.com
Mason;Clark;28;mason.clark@example.com
Hannah;Anderson;36;hannah.anderson@example.com
Tom;Johnson;28;tom.johnson@example.com;extra_attribute:invalid
Emily;Brown;29;missing_attribute
Nolan;Lewis;23;nolan.lewis@example.com
Luna;Walker;34;luna.walker@example.com
Caleb;Taylor;27;caleb.taylor@example.com
Victoria;White;39victoria.white@example.com
Aiden;Johnson;25;aiden.johnson@example.com
Skylar;Brown;30;skylar.brown@example.com
Bella;Davis;26;bella.davis@example.com