Adam;Wilson;27;adam.wilson@exam@@ple.com
Sophie;Thompson;34;sophie.thompson@example.com
Eric;Anderson;42;eric.anderson@example.com
Julia;Clark;31;julia.clark@example.com
Nathan;Roberts;29;nathan.roberts@example.com
Grace;Mitchell;26;grace.mitchell@example.com
Andrew;Turner;39;andrew.turner@example.com
Emma;Baker;33;emma.baker@example.com
Matthew;Harris;35;matthew.harris@example.com
Sophia;Campbell;28;sophia.campbell@example.com
Daniel;Cooper;30;daniel.cooper@example.com
Olivia;Ward;37;olivia.ward@example.com
David;Phillips;32;david.phillips@example.com
Abigail;Green;24;abigail.green@example.com
Alexander;Carter;36;alexander.carter@example.com
Sarah;Kelly;31;sarah.kelly@example.com
Joseph;Stewart;40;joseph.stewart@example.com
Elizabeth;Murphy;29;elizabeth.murphy@example.com
Michael;Price;38;michael.price@example.com
Ella;Rivera;25;ella.rivera@example.com